Anagha,anaghasrikrishna@gmail.com,anagha,123
admin,admin@gmail.com,admin,123
krishnendu,krishnenduretheesh@gmail.com,krish,krish123
Akshaya,akshayasrikrishna@gmail.com,akshaya,akshaya123Susanta,susantakingbaidya@gmail.com,susanta21,Susanta21@
Susanta Baidya,susantakingbaidya@gmail.com,susanta21,Susanta21@
